[
  {
    "id": 1,
    "firstName": "Arshak",
    "lastname": "Petrosyan",
    "username": "arshak",
    "password": "$2b$10$T4.P2FaslEAj4.mu7HVrIeS7HC4AofMhyB6JUiw8U58Nbw9F5D4bG",
    "gender": "male",
    "date": "",
    "rememberMe": false
  },
  {
    "id": 2,
    "firstName": "aaaa",
    "lastname": "aaaa",
    "username": "aaaa",
    "password": "$2b$10$7c5h.NeD20sXotsCTJQ5qO.GmBqW3GEoHPQd/S5BNZMM2NFzE7cMG",
    "gender": "male",
    "date": "",
    "rememberMe": false
  },
  {
    "id": 3,
    "firstName": "tttt",
    "lastname": "tttt",
    "username": "tttt",
    "password": "$2b$10$iZV/cs4I6tUx3pch9lXIB.bAoO9hEw2TXuYU2tOxMLw9rwOI6PVZ2",
    "gender": "male",
    "date": "",
    "rememberMe": false
  }
]